Methods,group
Server,3dRNA
Server,3dRNAAS2
Human,ARES
Human,ARESapo
Human,ARESgua
Human,Adamiak
Human,Boniecki
Human,Bujnicki
Human,Chen
Human,Das
Human,DasARESApo
Human,DasARESapo
Human,DasEMinfo
Human,DasFARFAR2ARESholo
Human,DasFARFAR2Apo
Human,DasFARFAR2Holo
Human,DasFARFAR2NNApo
Human,DasFARFAR2NNHolo
Human,DasFARFAR2apo
Human,DasORIGINAL
Human,DasPOSTDEADLINE
Human,DasSWM
Human,DasSWMapo
Human,DasTFN
Human,Dfold
Human,Dfold2
Human,DiMaio
Human,Ding
Human,Dokholyan
Human,FARFAR2
Human,FARFAR2apo
Human,FARFAR2gua
Human,GeneSilico1
Human,GeneSilico2
Human,GeneSilico3
Human,GeneSilico4
Human,Kollmann
Human,Lee
Server,LeeAS
Human,Nithin
Human,Perez
Server,RNAComposer
Server,RNAComposerAS1
Server,RNAComposerAS2
Server,RW3D
Server,RW3DAS1
Server,RW3DAS2
Human,SWMapo
Human,Sanbonmatsu
Server,SimRNA
Server,SimRNAAS1
Server,SimRNAAS2
Human,SoutheRNA
Human,Szachniuk
Human,TFN
Human,Vfold3D
Human,VfoldLA
Human,Xiao
Human,Xiong
Human,YagoubAli
Server,YangServer
Human,Yang
Human,Zhou
Server,iFoldRNA
